{"cameraMode":{"drawMode":0,"name":"Shaded","section":"Shading Mode"},"sceneLighting":false,"audioPlay":false,"sceneViewState":{"showFog":true,"showMaterialUpdate":true,"showSkybox":true,"showFlares":true,"showImageEffects":true,"showParticleSystems":true},"in2DMode":false,"pivot":{"x":13.269356727600098,"y":0.21857476234436036,"z":-0.18359911441802979},"rotation":{"x":-0.032063134014606479,"y":0.9665122628211975,"z":-0.2048056572675705,"w":-0.1514013260602951},"size":4.316347599029541,"orthographic":false}