{"cameraMode":{"drawMode":0,"name":"Shaded","section":"Shading Mode"},"sceneLighting":false,"audioPlay":false,"sceneViewState":{"showFog":true,"showMaterialUpdate":true,"showSkybox":true,"showFlares":true,"showImageEffects":true,"showParticleSystems":true},"in2DMode":false,"pivot":{"x":2.8625104427337648,"y":0.132188081741333,"z":0.2079547643661499},"rotation":{"x":-0.17205221951007844,"y":0.5693950653076172,"z":-0.12334886193275452,"w":-0.7943614721298218},"size":10.518890380859375,"orthographic":false}