{"cameraMode":{"drawMode":0,"name":"Shaded","section":"Shading Mode"},"sceneLighting":false,"audioPlay":false,"sceneViewState":{"showFog":true,"showMaterialUpdate":true,"showSkybox":true,"showFlares":true,"showImageEffects":true,"showParticleSystems":true},"in2DMode":false,"pivot":{"x":3.897362232208252,"y":0.0,"z":2.1710453033447267},"rotation":{"x":-0.09632468223571778,"y":0.9036791920661926,"z":-0.2947787940502167,"w":-0.2953506112098694},"size":2.8578848838806154,"orthographic":false}