{"cameraMode":{"drawMode":0,"name":"Shaded","section":"Shading Mode"},"sceneLighting":false,"audioPlay":false,"sceneViewState":{"showFog":true,"showMaterialUpdate":true,"showSkybox":true,"showFlares":true,"showImageEffects":true,"showParticleSystems":true},"in2DMode":false,"pivot":{"x":7.581480979919434,"y":-1.30622489352025e-17,"z":2.941356897354126},"rotation":{"x":0.15327033400535584,"y":0.8211589455604553,"z":-0.25969183444976809,"w":0.48457011580467226},"size":22.0,"orthographic":false}