{"cameraMode":{"drawMode":0,"name":"Shaded","section":"Shading Mode"},"sceneLighting":false,"audioPlay":false,"sceneViewState":{"showFog":true,"showMaterialUpdate":true,"showSkybox":true,"showFlares":true,"showImageEffects":true,"showParticleSystems":true},"in2DMode":false,"pivot":{"x":-0.1260000467300415,"y":2.5759999752044679,"z":1.571000099182129},"rotation":{"x":-0.17205221951007844,"y":0.5693950653076172,"z":-0.12334886193275452,"w":-0.7943614721298218},"size":8.0020751953125,"orthographic":false}