{"cameraMode":{"drawMode":0,"name":"Shaded","section":"Shading Mode"},"sceneLighting":false,"audioPlay":false,"sceneViewState":{"showFog":true,"showMaterialUpdate":true,"showSkybox":true,"showFlares":true,"showImageEffects":true,"showParticleSystems":true},"in2DMode":false,"pivot":{"x":0.3174918293952942,"y":0.4421834945678711,"z":1.4162861108779908},"rotation":{"x":-0.019785374402999879,"y":0.9625150561332703,"z":-0.26049846410751345,"w":-0.07318286597728729},"size":10.97723388671875,"orthographic":false}