{"cameraMode":{"drawMode":0,"name":"Shaded","section":"Shading Mode"},"sceneLighting":false,"audioPlay":false,"sceneViewState":{"showFog":true,"showMaterialUpdate":true,"showSkybox":true,"showFlares":true,"showImageEffects":true,"showParticleSystems":true},"in2DMode":false,"pivot":{"x":-1.1152830123901368,"y":2.859996795654297,"z":-0.9843130707740784},"rotation":{"x":-0.13756954669952393,"y":0.6236732006072998,"z":-0.11273685097694397,"w":-0.7612073421478272},"size":11.769346237182618,"orthographic":false}