{"cameraMode":{"drawMode":0,"name":"Shaded","section":"Shading Mode"},"sceneLighting":false,"audioPlay":false,"sceneViewState":{"showFog":true,"showMaterialUpdate":true,"showSkybox":true,"showFlares":true,"showImageEffects":true,"showParticleSystems":true},"in2DMode":false,"pivot":{"x":-5.049840927124023,"y":2.0900001525878908,"z":1.1700000762939454},"rotation":{"x":0.0013306224718689919,"y":0.9320474863052368,"z":-0.36237555742263796,"w":0.00336516578681767},"size":28.521255493164064,"orthographic":false}