{"cameraMode":{"drawMode":0,"name":"Shaded","section":"Shading Mode"},"sceneLighting":false,"audioPlay":false,"sceneViewState":{"showFog":true,"showMaterialUpdate":true,"showSkybox":true,"showFlares":true,"showImageEffects":true,"showParticleSystems":true},"in2DMode":false,"pivot":{"x":-0.7674999237060547,"y":1.0449888706207276,"z":1.8534996509552003},"rotation":{"x":-0.22376692295074464,"y":0.6320972442626953,"z":-0.19784384965896607,"w":-0.7150382995605469},"size":10.336779594421387,"orthographic":false}