{"cameraMode":{"drawMode":0,"name":"Shaded","section":"Shading Mode"},"sceneLighting":false,"audioPlay":false,"sceneViewState":{"showFog":true,"showMaterialUpdate":true,"showSkybox":true,"showFlares":true,"showImageEffects":true,"showParticleSystems":true},"in2DMode":false,"pivot":{"x":2.879499912261963,"y":0.7140000462532044,"z":-0.6850000619888306},"rotation":{"x":-0.22324800491333009,"y":0.7379205226898193,"z":-0.29074329137802126,"w":-0.5666875243186951},"size":12.478644371032715,"orthographic":false}