{"cameraMode":{"drawMode":0,"name":"Shaded","section":"Shading Mode"},"sceneLighting":false,"audioPlay":false,"sceneViewState":{"showFog":true,"showMaterialUpdate":true,"showSkybox":true,"showFlares":true,"showImageEffects":true,"showParticleSystems":true},"in2DMode":false,"pivot":{"x":5.064994812011719,"y":2.5924949645996095,"z":2.294995069503784},"rotation":{"x":-0.17205221951007844,"y":0.5693950653076172,"z":-0.12334886193275452,"w":-0.7943614721298218},"size":20.246623992919923,"orthographic":false}