{"cameraMode":{"drawMode":0,"name":"Shaded","section":"Shading Mode"},"sceneLighting":false,"audioPlay":false,"sceneViewState":{"showFog":true,"showMaterialUpdate":true,"showSkybox":true,"showFlares":true,"showImageEffects":true,"showParticleSystems":true},"in2DMode":false,"pivot":{"x":2.6547584533691408,"y":-1.5126757621765137,"z":2.284390449523926},"rotation":{"x":-0.12616987526416779,"y":0.7194498777389526,"z":-0.13562418520450593,"w":-0.6694125533103943},"size":20.005186080932618,"orthographic":false}