{"cameraMode":{"drawMode":0,"name":"Shaded","section":"Shading Mode"},"sceneLighting":false,"audioPlay":false,"sceneViewState":{"showFog":true,"showMaterialUpdate":true,"showSkybox":true,"showFlares":true,"showImageEffects":true,"showParticleSystems":true},"in2DMode":false,"pivot":{"x":6.051087856292725,"y":0.3043450117111206,"z":4.842306137084961},"rotation":{"x":-0.12019549310207367,"y":0.8531359434127808,"z":-0.22540909051895142,"w":-0.45492038130760195},"size":27.51826286315918,"orthographic":false}