{"cameraMode":{"drawMode":0,"name":"Shaded","section":"Shading Mode"},"sceneLighting":false,"audioPlay":false,"sceneViewState":{"showFog":true,"showMaterialUpdate":true,"showSkybox":true,"showFlares":true,"showImageEffects":true,"showParticleSystems":true},"in2DMode":false,"pivot":{"x":-0.22597943246364594,"y":2.5903630720685993e-17,"z":-5.832978248596191},"rotation":{"x":-0.1964545100927353,"y":0.7479291558265686,"z":-0.25270214676856997,"w":-0.5815390348434448},"size":22.0,"orthographic":false}