{"cameraMode":{"drawMode":0,"name":"Shaded","section":"Shading Mode"},"sceneLighting":false,"audioPlay":false,"sceneViewState":{"showFog":true,"showMaterialUpdate":true,"showSkybox":true,"showFlares":true,"showImageEffects":true,"showParticleSystems":true},"in2DMode":false,"pivot":{"x":3.479966163635254,"y":2.7151474952697756,"z":2.0217599868774416},"rotation":{"x":-0.1617201268672943,"y":0.6053272485733032,"z":-0.12733179330825807,"w":-0.7689261436462402},"size":14.448142051696778,"orthographic":false}