{"cameraMode":{"drawMode":0,"name":"Shaded","section":"Shading Mode"},"sceneLighting":false,"audioPlay":false,"sceneViewState":{"showFog":true,"showMaterialUpdate":true,"showSkybox":true,"showFlares":true,"showImageEffects":true,"showParticleSystems":true},"in2DMode":false,"pivot":{"x":0.033570051193237308,"y":0.7211754322052002,"z":1.7871063947677613},"rotation":{"x":-0.1227269098162651,"y":0.8102965354919434,"z":-0.18317405879497529,"w":-0.5429922342300415},"size":3.0023398399353029,"orthographic":false}