{"cameraMode":{"drawMode":0,"name":"Shaded","section":"Shading Mode"},"sceneLighting":false,"audioPlay":false,"sceneViewState":{"showFog":true,"showMaterialUpdate":true,"showSkybox":true,"showFlares":true,"showImageEffects":true,"showParticleSystems":true},"in2DMode":false,"pivot":{"x":3.5318987369537355,"y":-1.8534212055411759e-18,"z":0.4173533320426941},"rotation":{"x":-0.22376692295074464,"y":0.6320972442626953,"z":-0.19784384965896607,"w":-0.7150382995605469},"size":22.0,"orthographic":false}