{"cameraMode":{"drawMode":0,"name":"Shaded","section":"Shading Mode"},"sceneLighting":false,"audioPlay":false,"sceneViewState":{"showFog":true,"showMaterialUpdate":true,"showSkybox":true,"showFlares":true,"showImageEffects":true,"showParticleSystems":true},"in2DMode":false,"pivot":{"x":-0.9325836896896362,"y":-1.8488097149852234e-17,"z":4.163149356842041},"rotation":{"x":-0.019785374402999879,"y":0.9625150561332703,"z":-0.26049846410751345,"w":-0.07318286597728729},"size":22.0,"orthographic":false}