{"cameraMode":{"drawMode":0,"name":"Shaded","section":"Shading Mode"},"sceneLighting":false,"audioPlay":false,"sceneViewState":{"showFog":true,"showMaterialUpdate":true,"showSkybox":true,"showFlares":true,"showImageEffects":true,"showParticleSystems":true},"in2DMode":false,"pivot":{"x":1.6952292014593696e-7,"y":0.23300179839134217,"z":1.415984869003296},"rotation":{"x":-0.09887395054101944,"y":0.7425490617752075,"z":-0.11246135085821152,"w":-0.6528433561325073},"size":1.6541215181350709,"orthographic":false}