{"cameraMode":{"drawMode":0,"name":"Shaded","section":"Shading Mode"},"sceneLighting":false,"audioPlay":false,"sceneViewState":{"showFog":true,"showMaterialUpdate":true,"showSkybox":true,"showFlares":true,"showImageEffects":true,"showParticleSystems":true},"in2DMode":false,"pivot":{"x":442.9265441894531,"y":5.006419658660889,"z":31.690290451049806},"rotation":{"x":-0.3354226350784302,"y":-0.036159005016088489,"z":0.012902133166790009,"w":-0.941308319568634},"size":3.6855416297912599,"orthographic":false}