{"cameraMode":{"drawMode":0,"name":"Shaded","section":"Shading Mode"},"sceneLighting":false,"audioPlay":false,"sceneViewState":{"showFog":true,"showMaterialUpdate":true,"showSkybox":true,"showFlares":true,"showImageEffects":true,"showParticleSystems":true},"in2DMode":false,"pivot":{"x":1.349672794342041,"y":0.09819841384887696,"z":-1.5426864624023438},"rotation":{"x":0.10502086579799652,"y":0.8728006482124329,"z":-0.42517441511154177,"w":0.21554064750671388},"size":6.682748317718506,"orthographic":false}