{"cameraMode":{"drawMode":0,"name":"Shaded","section":"Shading Mode"},"sceneLighting":false,"audioPlay":false,"sceneViewState":{"showFog":true,"showMaterialUpdate":true,"showSkybox":true,"showFlares":true,"showImageEffects":true,"showParticleSystems":true},"in2DMode":false,"pivot":{"x":3.7213027477264406,"y":-4.181796073913574,"z":17.71935272216797},"rotation":{"x":-0.22324800491333009,"y":0.7379205226898193,"z":-0.29074329137802126,"w":-0.5666875243186951},"size":22.0,"orthographic":false}