{"cameraMode":{"drawMode":0,"name":"Shaded","section":"Shading Mode"},"sceneLighting":false,"audioPlay":false,"sceneViewState":{"showFog":true,"showMaterialUpdate":true,"showSkybox":true,"showFlares":true,"showImageEffects":true,"showParticleSystems":true},"in2DMode":false,"pivot":{"x":4.23240852355957,"y":2.5629429817199709,"z":-0.5717918872833252},"rotation":{"x":-0.22384856641292573,"y":0.555560290813446,"z":-0.15845465660095216,"w":-0.7849679589271545},"size":3.4941773414611818,"orthographic":false}