{"cameraMode":{"drawMode":0,"name":"Shaded","section":"Shading Mode"},"sceneLighting":false,"audioPlay":false,"sceneViewState":{"showFog":true,"showMaterialUpdate":true,"showSkybox":true,"showFlares":true,"showImageEffects":true,"showParticleSystems":true},"in2DMode":false,"pivot":{"x":8.891263961791993,"y":1.2899999618530274,"z":4.807000160217285},"rotation":{"x":-0.019785374402999879,"y":0.9625150561332703,"z":-0.26049846410751345,"w":-0.07318286597728729},"size":12.153241157531739,"orthographic":false}