{"cameraMode":{"drawMode":0,"name":"Shaded","section":"Shading Mode"},"sceneLighting":false,"audioPlay":false,"sceneViewState":{"showFog":true,"showMaterialUpdate":true,"showSkybox":true,"showFlares":true,"showImageEffects":true,"showParticleSystems":true},"in2DMode":false,"pivot":{"x":3.6110143661499025,"y":2.364760398864746,"z":-3.0250558853149416},"rotation":{"x":-0.13023880124092103,"y":0.784444272518158,"z":-0.17609409987926484,"w":-0.5802662372589111},"size":15.71883773803711,"orthographic":false}