{"cameraMode":{"drawMode":0,"name":"Shaded","section":"Shading Mode"},"sceneLighting":false,"audioPlay":false,"sceneViewState":{"showFog":true,"showMaterialUpdate":true,"showSkybox":true,"showFlares":true,"showImageEffects":true,"showParticleSystems":true},"in2DMode":false,"pivot":{"x":5.1197710037231449,"y":6.500214796061675e-19,"z":-0.14637181162834168},"rotation":{"x":-0.22376692295074464,"y":0.6320972442626953,"z":-0.19784384965896607,"w":-0.7150382995605469},"size":22.0,"orthographic":false}