{"cameraMode":{"drawMode":0,"name":"Shaded","section":"Shading Mode"},"sceneLighting":false,"audioPlay":false,"sceneViewState":{"showFog":true,"showMaterialUpdate":true,"showSkybox":true,"showFlares":true,"showImageEffects":true,"showParticleSystems":true},"in2DMode":false,"pivot":{"x":3.8927865028381349,"y":2.8390685303537436e-18,"z":-0.6393013596534729},"rotation":{"x":-0.17205221951007844,"y":0.5693950653076172,"z":-0.12334886193275452,"w":-0.7943614721298218},"size":22.0,"orthographic":false}