{"cameraMode":{"drawMode":0,"name":"Shaded","section":"Shading Mode"},"sceneLighting":false,"audioPlay":false,"sceneViewState":{"showFog":true,"showMaterialUpdate":true,"showSkybox":true,"showFlares":true,"showImageEffects":true,"showParticleSystems":true},"in2DMode":false,"pivot":{"x":2.5190000534057619,"y":6.930139541625977,"z":-3.2981231212615969},"rotation":{"x":-0.22324800491333009,"y":0.7379205226898193,"z":-0.29074329137802126,"w":-0.5666875243186951},"size":4.492057800292969,"orthographic":false}