{"cameraMode":{"drawMode":0,"name":"Shaded","section":"Shading Mode"},"sceneLighting":false,"audioPlay":false,"sceneViewState":{"showFog":true,"showMaterialUpdate":true,"showSkybox":true,"showFlares":true,"showImageEffects":true,"showParticleSystems":true},"in2DMode":false,"pivot":{"x":-0.04029679298400879,"y":0.07296594977378845,"z":0.061170220375061038},"rotation":{"x":-0.08215150982141495,"y":0.917723536491394,"z":-0.2826947867870331,"w":-0.26676639914512637},"size":4.357885360717773,"orthographic":false}