{"cameraMode":{"drawMode":0,"name":"Shaded","section":"Shading Mode"},"sceneLighting":false,"audioPlay":false,"sceneViewState":{"showFog":true,"showMaterialUpdate":true,"showSkybox":true,"showFlares":true,"showImageEffects":true,"showParticleSystems":true},"in2DMode":false,"pivot":{"x":5.399343967437744,"y":2.1373853087425233e-7,"z":-4.293512344360352},"rotation":{"x":-0.3460392951965332,"y":0.5212406516075134,"z":-0.24338267743587495,"w":-0.7411906123161316},"size":8.362296104431153,"orthographic":false}